x,y
404,"""NA"""
4172,"""NA"""
3004,"""NA"""
787,"""NA"""
37,"""NA"""
2332,"""NA"""
2489,"""NA"""
1449,"""NA"""
3665,"""NA"""
3863,"""NA"""
4374,"""NA"""
875,"""NA"""
172,"""NA"""
1602,"""NA"""
2012,"""NA"""
979,"""NA"""
2018,"""NA"""
319,"""NA"""
1944,"""NA"""
4878,"""NA"""
1450,"""NA"""
3392,"""NA"""
3677,"""NA"""
980,"""NA"""
4903,"""NA"""
3708,"""NA"""
258,"""NA"""
2652,"""NA"""
3480,"""NA"""
3443,"""NA"""
157,"""NA"""
1128,"""NA"""
1505,"""NA"""
3183,"""NA"""
2396,"""NA"""
2161,"""NA"""
3533,"""NA"""
4743,"""NA"""
902,"""NA"""
1085,"""NA"""
3401,"""NA"""
2495,"""NA"""
3209,"""NA"""
3302,"""NA"""
481,"""NA"""
3829,"""NA"""
3849,"""NA"""
4954,"""NA"""
4853,"""NA"""
1946,"""NA"""
2306,"""NA"""
1577,"""NA"""
874,"""NA"""
2658,"""NA"""
2469,"""NA"""
3897,"""NA"""
1021,"""NA"""
3567,"""NA"""
327,"""NA"""
1772,"""NA"""
4126,"""NA"""
1370,"""NA"""
2851,"""NA"""
1679,"""NA"""
2982,"""NA"""
958,"""NA"""
4739,"""NA"""
2713,"""NA"""
2724,"""NA"""
1393,"""NA"""
2234,"""NA"""
1858,"""NA"""
141,"""NA"""
2330,"""NA"""
1951,"""NA"""
101,"""NA"""
1885,"""NA"""
2800,"""NA"""
4286,"""NA"""
1925,"""NA"""
2640,"""NA"""
3004,"""NA"""
1307,"""NA"""
1451,"""NA"""
2401,"""NA"""
4601,"""NA"""
2004,"""NA"""
1066,"""NA"""
3359,"""NA"""
294,"""NA"""
4986,"""NA"""
746,"""NA"""
2593,"""NA"""
4231,"""NA"""
3592,"""NA"""
1207,"""NA"""
2736,"""NA"""
4175,"""NA"""
140,"""NA"""
2347,"""NA"""
4029,"""NA"""
4071,"""NA"""
2020,"""NA"""
1093,"""NA"""
2092,"""NA"""
3345,"""NA"""
2539,"""NA"""
3302,"""NA"""
2559,"""NA"""
4178,"""NA"""
3544,"""NA"""
4372,"""NA"""
58,"""NA"""
4442,"""NA"""
4982,"""NA"""
2501,"""NA"""
1795,"""NA"""
3875,"""NA"""
2923,"""NA"""
3170,"""NA"""
4294,"""NA"""
2835,"""NA"""
1265,"""NA"""
4595,"""NA"""
4337,"""NA"""
1243,"""NA"""
2015,"""NA"""
3849,"""NA"""
598,"""NA"""
974,"""NA"""
823,"""NA"""
3317,"""NA"""
4283,"""NA"""
4633,"""NA"""
2762,"""NA"""
2886,"""NA"""
3438,"""NA"""
1224,"""NA"""
224,"""NA"""
4550,"""NA"""
354,"""NA"""
4985,"""NA"""
3060,"""NA"""
863,"""NA"""
4548,"""NA"""
188,"""NA"""
2968,"""NA"""
1185,"""NA"""
4532,"""NA"""
4095,"""NA"""
3500,"""NA"""
1101,"""NA"""
3640,"""NA"""
1086,"""NA"""
2282,"""NA"""
1664,"""NA"""
2842,"""NA"""
1262,"""NA"""
2321,"""NA"""
4589,"""NA"""
4865,"""NA"""
4096,"""NA"""
4515,"""NA"""
2907,"""NA"""
3866,"""NA"""
4976,"""NA"""
3555,"""NA"""
1075,"""NA"""
1459,"""NA"""
3609,"""NA"""
4334,"""NA"""
1193,"""NA"""
23,"""NA"""
4718,"""NA"""
2191,"""NA"""
3754,"""NA"""
3340,"""NA"""
2040,"""NA"""
1757,"""NA"""
3691,"""NA"""
3322,"""NA"""
427,"""NA"""
4281,"""NA"""
385,"""NA"""
4265,"""NA"""
532,"""NA"""
2425,"""NA"""
1237,"""NA"""
3433,"""NA"""
819,"""NA"""
4765,"""NA"""
1610,"""NA"""
1808,"""NA"""
4439,"""NA"""
4141,"""NA"""
504,"""NA"""
4531,"""NA"""
3864,"""NA"""
1917,"""NA"""
4999,"""NA"""
1747,"""NA"""
4737,"""NA"""
1081,"""NA"""
161,"""NA"""
727,"""NA"""
4272,"""NA"""
1066,"""NA"""
1052,"""NA"""
198,"""NA"""
4724,"""NA"""
1225,"""NA"""
3906,"""NA"""
1442,"""NA"""
4377,"""NA"""
1479,"""NA"""
4918,"""NA"""
2950,"""NA"""
3796,"""NA"""
4181,"""NA"""
3815,"""NA"""
2087,"""NA"""
691,"""NA"""
405,"""NA"""
3280,"""NA"""
3011,"""NA"""
3285,"""NA"""
1647,"""NA"""
4898,"""NA"""
3576,"""NA"""
4364,"""NA"""
4917,"""NA"""
1093,"""NA"""
3323,"""NA"""
1948,"""NA"""
231,"""NA"""
3085,"""NA"""
2993,"""NA"""
2035,"""NA"""
4292,"""NA"""
2589,"""NA"""
4897,"""NA"""
86,"""NA"""
3368,"""NA"""
1857,"""NA"""
4591,"""NA"""
3390,"""NA"""
3326,"""NA"""
3781,"""NA"""
2715,"""NA"""
1197,"""NA"""
2545,"""NA"""
2087,"""NA"""
3635,"""NA"""
3189,"""NA"""
1983,"""NA"""
4798,"""NA"""
1494,"""NA"""
252,"""NA"""
2881,"""NA"""
1090,"""NA"""
630,"""NA"""
4691,"""NA"""
4007,"""NA"""
3791,"""NA"""
2663,"""NA"""
2735,"""NA"""
480,"""NA"""
1942,"""NA"""
862,"""NA"""
3454,"""NA"""
3377,"""NA"""
4732,"""NA"""
982,"""NA"""
4844,"""NA"""
1936,"""NA"""
3252,"""NA"""
4073,"""NA"""
355,"""NA"""
2635,"""NA"""
3818,"""NA"""
2177,"""NA"""
2763,"""NA"""
1021,"""NA"""
156,"""NA"""
4849,"""NA"""
894,"""NA"""
3892,"""NA"""
4429,"""NA"""
4183,"""NA"""
3027,"""NA"""
4535,"""NA"""
180,"""NA"""
658,"""NA"""
471,"""NA"""
3483,"""NA"""
2029,"""NA"""
329,"""NA"""
633,"""NA"""
4687,"""NA"""
1082,"""NA"""
3331,"""NA"""
1020,"""NA"""
2743,"""NA"""
4138,"""NA"""
638,"""NA"""
1306,"""NA"""
1443,"""NA"""
74,"""NA"""
4269,"""NA"""
2071,"""NA"""
3756,"""NA"""
3596,"""NA"""
2577,"""NA"""
4875,"""NA"""
1804,"""NA"""
852,"""NA"""
3916,"""NA"""
155,"""NA"""
3948,"""NA"""
834,"""NA"""
144,"""NA"""
3930,"""NA"""
4127,"""NA"""
4827,"""NA"""
1894,"""NA"""
872,"""NA"""
3019,"""NA"""
4028,"""NA"""
184,"""NA"""
3665,"""NA"""
1077,"""NA"""
81,"""NA"""
644,"""NA"""
3431,"""NA"""
3210,"""NA"""
1637,"""NA"""
1938,"""NA"""
3538,"""NA"""
3489,"""NA"""
4629,"""NA"""
2296,"""NA"""
2980,"""NA"""
826,"""NA"""
2835,"""NA"""
4491,"""NA"""
2973,"""NA"""
4159,"""NA"""
2968,"""NA"""
3895,"""NA"""
1989,"""NA"""
4250,"""NA"""
3710,"""NA"""
1589,"""NA"""
559,"""NA"""
506,"""NA"""
4001,"""NA"""
1900,"""NA"""
264,"""NA"""
4933,"""NA"""
3021,"""NA"""
744,"""NA"""
2694,"""NA"""
629,"""NA"""
4816,"""NA"""
235,"""NA"""
808,"""NA"""
4683,"""NA"""
4854,"""NA"""
3552,"""NA"""
4426,"""NA"""
4885,"""NA"""
175,"""NA"""
2194,"""NA"""
3223,"""NA"""
4975,"""NA"""
1574,"""NA"""
4280,"""NA"""
2702,"""NA"""
4368,"""NA"""
2578,"""NA"""
4348,"""NA"""
4283,"""NA"""
1729,"""NA"""
1,"""NA"""
1026,"""NA"""
4727,"""NA"""
1407,"""NA"""
4405,"""NA"""
4806,"""NA"""
21,"""NA"""
2765,"""NA"""
1097,"""NA"""
3234,"""NA"""
3639,"""NA"""
4363,"""NA"""
1910,"""NA"""
4464,"""NA"""
4220,"""NA"""
3649,"""NA"""
193,"""NA"""
1670,"""NA"""
3747,"""NA"""
4566,"""NA"""
1022,"""NA"""
2359,"""NA"""
1926,"""NA"""
1964,"""NA"""
1092,"""NA"""
37,"""NA"""
1819,"""NA"""
2631,"""NA"""
4221,"""NA"""
680,"""NA"""
1883,"""NA"""
1317,"""NA"""
2490,"""NA"""
98,"""NA"""
436,"""NA"""
4980,"""NA"""
4711,"""NA"""
622,"""NA"""
576,"""NA"""
1834,"""NA"""
2356,"""NA"""
3921,"""NA"""
2452,"""NA"""
510,"""NA"""
4718,"""NA"""
3531,"""NA"""
2512,"""NA"""
2650,"""NA"""
1293,"""NA"""
3559,"""NA"""
4843,"""NA"""
3306,"""NA"""
3982,"""NA"""
367,"""NA"""
4424,"""NA"""
4134,"""NA"""
3629,"""NA"""
1837,"""NA"""
2618,"""NA"""
2350,"""NA"""
493,"""NA"""
2581,"""NA"""
2249,"""NA"""
2748,"""NA"""
3248,"""NA"""
796,"""NA"""
1469,"""NA"""
4457,"""NA"""
2941,"""NA"""
3167,"""NA"""
1298,"""NA"""
1592,"""NA"""
1697,"""NA"""
3804,"""NA"""
55,"""NA"""
316,"""NA"""
1320,"""NA"""
2970,"""NA"""
1488,"""NA"""
474,"""NA"""
3807,"""NA"""
3863,"""NA"""
2010,"""NA"""
296,"""NA"""
3752,"""NA"""
2642,"""NA"""
1380,"""NA"""
1307,"""NA"""
2720,"""NA"""
996,"""NA"""
3226,"""NA"""
3752,"""NA"""
1355,"""NA"""
4379,"""NA"""
4259,"""NA"""
230,"""NA"""
1906,"""NA"""
917,"""NA"""
4609,"""NA"""
4531,"""NA"""
965,"""NA"""
4322,"""NA"""
67,"""NA"""
4429,"""NA"""
1958,"""NA"""
381,"""NA"""
3234,"""NA"""
4584,"""NA"""
4173,"""NA"""
2507,"""NA"""
3011,"""NA"""
2345,"""NA"""
4432,"""NA"""
3353,"""NA"""
1969,"""NA"""
2757,"""NA"""
1213,"""NA"""
1017,"""NA"""
342,"""NA"""
1537,"""NA"""
4966,"""NA"""
582,"""NA"""
3578,"""NA"""
1131,"""NA"""
667,"""NA"""
4637,"""NA"""
4471,"""NA"""
1019,"""NA"""
1285,"""NA"""
3071,"""NA"""
2208,"""NA"""
1578,"""NA"""
507,"""NA"""
1364,"""NA"""
3269,"""NA"""
4640,"""NA"""
134,"""NA"""
2798,"""NA"""
4271,"""NA"""
380,"""NA"""
1030,"""NA"""
2480,"""NA"""
1310,"""NA"""
2080,"""NA"""
2196,"""NA"""
912,"""NA"""
392,"""NA"""
89,"""NA"""
3641,"""NA"""
4855,"""NA"""
2677,"""NA"""
833,"""NA"""
291,"""NA"""
2296,"""NA"""
3114,"""NA"""
2975,"""NA"""
3716,"""NA"""
2622,"""NA"""
2485,"""NA"""
74,"""NA"""
4790,"""NA"""
2266,"""NA"""
4908,"""NA"""
2724,"""NA"""
1801,"""NA"""
2516,"""NA"""
374,"""NA"""
4849,"""NA"""
3243,"""NA"""
4923,"""NA"""
2681,"""NA"""
3806,"""NA"""
2822,"""NA"""
3893,"""NA"""
3196,"""NA"""
1895,"""NA"""
1798,"""NA"""
4222,"""NA"""
2284,"""NA"""
896,"""NA"""
4832,"""NA"""
3568,"""NA"""
125,"""NA"""
3133,"""NA"""
4140,"""NA"""
3216,"""NA"""
3543,"""NA"""
4354,"""NA"""
1410,"""NA"""
867,"""NA"""
549,"""NA"""
2932,"""NA"""
4254,"""NA"""
4608,"""NA"""
3379,"""NA"""
1753,"""NA"""
44,"""NA"""
2155,"""NA"""
3625,"""NA"""
2062,"""NA"""
2755,"""NA"""
782,"""NA"""
216,"""NA"""
3424,"""NA"""
2573,"""NA"""
4729,"""NA"""
4216,"""NA"""
325,"""NA"""
3811,"""NA"""
392,"""NA"""
668,"""NA"""
4049,"""NA"""
2797,"""NA"""
3669,"""NA"""
1749,"""NA"""
4914,"""NA"""
2045,"""NA"""
1805,"""NA"""
3263,"""NA"""
718,"""NA"""
3404,"""NA"""
4297,"""NA"""
4194,"""NA"""
4407,"""NA"""
1189,"""NA"""
2894,"""NA"""
4490,"""NA"""
1723,"""NA"""
3805,"""NA"""
3656,"""NA"""
4263,"""NA"""
4880,"""NA"""
566,"""NA"""
4852,"""NA"""
3241,"""NA"""
281,"""NA"""
2366,"""NA"""
1474,"""NA"""
3052,"""NA"""
606,"""NA"""
3148,"""NA"""
3560,"""NA"""
3061,"""NA"""
173,"""NA"""
3330,"""NA"""
3265,"""NA"""
2260,"""NA"""
2585,"""NA"""
3384,"""NA"""
4405,"""NA"""
3657,"""NA"""
1994,"""NA"""
2153,"""NA"""
728,"""NA"""
2256,"""NA"""
2894,"""NA"""
353,"""NA"""
3712,"""NA"""
2747,"""NA"""
3173,"""NA"""
684,"""NA"""
4652,"""NA"""
3256,"""NA"""
2644,"""NA"""
1126,"""NA"""
4917,"""NA"""
546,"""NA"""
350,"""NA"""
3889,"""NA"""
3292,"""NA"""
1297,"""NA"""
4592,"""NA"""
744,"""NA"""
3204,"""NA"""
1007,"""NA"""
3719,"""NA"""
4239,"""NA"""
4269,"""NA"""
4018,"""NA"""
120,"""NA"""
3977,"""NA"""
4433,"""NA"""
3001,"""NA"""
2164,"""NA"""
4602,"""NA"""
3081,"""NA"""
2179,"""NA"""
4487,"""NA"""
3846,"""NA"""
641,"""NA"""
2694,"""NA"""
646,"""NA"""
2555,"""NA"""
2719,"""NA"""
1209,"""NA"""
4016,"""NA"""
4740,"""NA"""
2037,"""NA"""
2574,"""NA"""
4908,"""NA"""
1771,"""NA"""
2280,"""NA"""
1101,"""NA"""
410,"""NA"""
1847,"""NA"""
634,"""NA"""
3700,"""NA"""
4780,"""NA"""
3344,"""NA"""
2341,"""NA"""
2691,"""NA"""
1655,"""NA"""
3144,"""NA"""
2263,"""NA"""
4441,"""NA"""
3922,"""NA"""
691,"""NA"""
1407,"""NA"""
3535,"""NA"""
2211,"""NA"""
3389,"""NA"""
3504,"""NA"""
343,"""NA"""
4793,"""NA"""
1223,"""NA"""
4632,"""NA"""
2514,"""NA"""
4678,"""NA"""
2194,"""NA"""
1753,"""NA"""
2383,"""NA"""
4831,"""NA"""
1486,"""NA"""
1454,"""NA"""
4299,"""NA"""
967,"""NA"""
4046,"""NA"""
1828,"""NA"""
1264,"""NA"""
4281,"""NA"""
651,"""NA"""
3960,"""NA"""
1780,"""NA"""
4822,"""NA"""
594,"""NA"""
2291,"""NA"""
2619,"""NA"""
4186,"""NA"""
168,"""NA"""
217,"""NA"""
3961,"""NA"""
1014,"""NA"""
344,"""NA"""
4323,"""NA"""
386,"""NA"""
2156,"""NA"""
4869,"""NA"""
2855,"""NA"""
3773,"""NA"""
1213,"""NA"""
3136,"""NA"""
843,"""NA"""
2224,"""NA"""
824,"""NA"""
592,"""NA"""
1838,"""NA"""
4733,"""NA"""
4378,"""NA"""
1301,"""NA"""
3287,"""NA"""
610,"""NA"""
1595,"""NA"""
3116,"""NA"""
2235,"""NA"""
3542,"""NA"""
4451,"""NA"""
522,"""NA"""
3153,"""NA"""
4208,"""NA"""
1822,"""NA"""
3115,"""NA"""
2304,"""NA"""
818,"""NA"""
2570,"""NA"""
717,"""NA"""
3252,"""NA"""
777,"""NA"""
2542,"""NA"""
430,"""NA"""
2516,"""NA"""
193,"""NA"""
4121,"""NA"""
1430,"""NA"""
1234,"""NA"""
1990,"""NA"""
3161,"""NA"""
4743,"""NA"""
1701,"""NA"""
3137,"""NA"""
4125,"""NA"""
726,"""NA"""
4836,"""NA"""
431,"""NA"""
1203,"""NA"""
3195,"""NA"""
2517,"""NA"""
1253,"""NA"""
4896,"""NA"""
3283,"""NA"""
450,"""NA"""
3153,"""NA"""
4384,"""NA"""
4652,"""NA"""
2098,"""NA"""
2478,"""NA"""
1764,"""NA"""
1244,"""NA"""
4794,"""NA"""
1800,"""NA"""
995,"""NA"""
3632,"""NA"""
841,"""NA"""
1133,"""NA"""
4228,"""NA"""
1730,"""NA"""
337,"""NA"""
136,"""NA"""
591,"""NA"""
69,"""NA"""
3679,"""NA"""
4620,"""NA"""
4911,"""NA"""
2027,"""NA"""
1349,"""NA"""
2442,"""NA"""
256,"""NA"""
13,"""NA"""
2480,"""NA"""
1219,"""NA"""
1279,"""NA"""
2762,"""NA"""
1258,"""NA"""
3143,"""NA"""
1581,"""NA"""
4623,"""NA"""
4533,"""NA"""
460,"""NA"""
3689,"""NA"""
2849,"""NA"""
3483,"""NA"""
3504,"""NA"""
200,"""NA"""
2158,"""NA"""
4072,"""NA"""
2833,"""NA"""
2942,"""NA"""
4402,"""NA"""
3597,"""NA"""
4683,"""NA"""
2148,"""NA"""
1431,"""NA"""
3854,"""NA"""
3083,"""NA"""
797,"""NA"""
2008,"""NA"""
9,"""NA"""
2090,"""NA"""
3820,"""NA"""
3973,"""NA"""
1213,"""NA"""
3796,"""NA"""
146,"""NA"""
2187,"""NA"""
2653,"""NA"""
2150,"""NA"""
4047,"""NA"""
4613,"""NA"""
3376,"""NA"""
470,"""NA"""
988,"""NA"""
2378,"""NA"""
3572,"""NA"""
2691,"""NA"""
4377,"""NA"""
1468,"""NA"""
1124,"""NA"""
3455,"""NA"""
1562,"""NA"""
2417,"""NA"""
609,"""NA"""
3451,"""NA"""
1579,"""NA"""
4081,"""NA"""
2730,"""NA"""
4737,"""NA"""
193,"""NA"""
3239,"""NA"""
399,"""NA"""
2165,"""NA"""
3805,"""NA"""
1469,"""NA"""
537,"""NA"""
365,"""NA"""
1782,"""NA"""
2858,"""NA"""
3390,"""NA"""
3454,"""NA"""
1868,"""NA"""
490,"""NA"""
496,"""NA"""
3875,"""NA"""
758,"""NA"""
1974,"""NA"""
4675,"""NA"""
3698,"""NA"""
3179,"""NA"""
1692,"""NA"""
4813,"""NA"""
559,"""NA"""
3253,"""NA"""
4918,"""NA"""
896,"""NA"""
690,"""NA"""
283,"""NA"""
2732,"""NA"""
2333,"""NA"""
4482,"""NA"""
93,"""NA"""
4255,"""NA"""
2508,"""NA"""
831,"""NA"""
1806,"""NA"""
3261,"""NA"""
4371,"""NA"""
3642,"""NA"""
2063,"""NA"""
797,"""NA"""
4229,"""NA"""
4422,"""NA"""
1980,"""NA"""
191,"""NA"""
4757,"""NA"""
3919,"""NA"""
1098,"""NA"""
1655,"""NA"""
889,"""NA"""
1813,"""NA"""
1958,"""NA"""
4520,"""NA"""
1383,"""NA"""
697,"""NA"""
2257,"""NA"""
552,"""NA"""
4405,"""NA"""
2670,"""NA"""
3697,"""NA"""
3598,"""NA"""
1323,"""NA"""
3370,"""NA"""
1049,"""NA"""
3453,"""NA"""
974,"""NA"""
3911,"""NA"""
76,"""NA"""
4671,"""NA"""
423,"""NA"""
171,"""NA"""
1555,"""NA"""
3924,"""NA"""
1403,"""NA"""
827,"""NA"""
2168,"""NA"""
4071,"""NA"""
3433,"""NA"""
3887,"""NA"""
457,"""NA"""
3714,"""NA"""
1984,"""NA"""
1481,"""NA"""
3715,"""NA"""
2333,"""NA"""
3866,"""NA"""
111,"""NA"""
4076,"""NA"""
1520,"""NA"""
4659,"""NA"""
2703,"""NA"""
1275,"""NA"""
2388,"""NA"""
3523,"""NA"""
38,"""NA"""
3863,"""NA"""
1329,"""NA"""
4856,"""NA"""
953,"""NA"""
99,"""NA"""
3062,"""NA"""
2629,"""NA"""
3173,"""NA"""
1978,"""NA"""
875,"""NA"""
1637,"""NA"""
3074,"""NA"""
396,"""NA"""
2596,"""NA"""
1532,"""NA"""
3357,"""NA"""
1969,"""NA"""
3740,"""NA"""
695,"""NA"""
1887,"""NA"""
3207,"""NA"""
4971,"""NA"""
1843,"""NA"""
1687,"""NA"""
4569,"""NA"""
4548,"""NA"""
0.238379751,"""NA"""
0.411679972,"""NA"""
0.746071676,"""NA"""
0.723450554,"""NA"""
0.614524137,"""NA"""
0.473980569,"""NA"""
0.578461039,"""NA"""
0.241593723,"""NA"""
0.114378662,"""NA"""
0.298344633,"""NA"""
0.484119495,"""NA"""
0.567406318,"""NA"""
0.753953109,"""NA"""
0.545425236,"""NA"""
0.759677961,"""NA"""
0.212967463,"""NA"""
0.839265024,"""NA"""
0.406697055,"""NA"""
0.8737398,"""NA"""
0.882156538,"""NA"""
0.107689368,"""NA"""
0.574544371,"""NA"""
0.996033379,"""NA"""
0.850553432,"""NA"""
0.437655055,"""NA"""
0.326429925,"""NA"""
0.335968859,"""NA"""
0.239273816,"""NA"""
0.421371124,"""NA"""
0.512136831,"""NA"""
0.185446366,"""NA"""
0.326400522,"""NA"""
0.817073643,"""NA"""
0.748737998,"""NA"""
0.531741869,"""NA"""
0.961571368,"""NA"""
0.104046372,"""NA"""
0.737123667,"""NA"""
0.847479981,"""NA"""
0.643738754,"""NA"""
0.232457198,"""NA"""
0.916229566,"""NA"""
0.424597556,"""NA"""
0.192943506,"""NA"""
0.701550336,"""NA"""
0.99258071,"""NA"""
0.708912507,"""NA"""
0.517485157,"""NA"""
0.708732048,"""NA"""
0.375140479,"""NA"""
0.254773766,"""NA"""
0.996412935,"""NA"""
0.52289536,"""NA"""
0.715809418,"""NA"""
0.002492428,"""NA"""
0.292968772,"""NA"""
0.180816001,"""NA"""
0.407593892,"""NA"""
0.216995889,"""NA"""
0.07134267,"""NA"""
0.253311581,"""NA"""
0.652479521,"""NA"""
0.734444106,"""NA"""
0.817513144,"""NA"""
0.305990338,"""NA"""
0.885247568,"""NA"""
0.606558852,"""NA"""
0.881019168,"""NA"""
0.679920633,"""NA"""
0.142943662,"""NA"""
0.765465581,"""NA"""
0.626966629,"""NA"""
0.730338461,"""NA"""
0.423704411,"""NA"""
0.268330776,"""NA"""
0.769048036,"""NA"""
0.587346678,"""NA"""
0.898567755,"""NA"""
0.870324539,"""NA"""
0.399306237,"""NA"""
0.965119112,"""NA"""
0.495991045,"""NA"""
0.466597516,"""NA"""
0.107744531,"""NA"""
0.91429805,"""NA"""
0.14380345,"""NA"""
0.265187191,"""NA"""
0.148463049,"""NA"""
0.414248683,"""NA"""
0.108949674,"""NA"""
0.247077948,"""NA"""
0.59064311,"""NA"""
0.328267297,"""NA"""
0.732970522,"""NA"""
0.727905224,"""NA"""
0.545723421,"""NA"""
0.733746318,"""NA"""
0.933358376,"""NA"""
0.243392595,"""NA"""
0.282959055,"""NA"""
0.216625959,"""NA"""
0.120041428,"""NA"""
0.170263659,"""NA"""
0.521528885,"""NA"""
0.963494028,"""NA"""
0.887872519,"""NA"""
0.636446597,"""NA"""
0.329380251,"""NA"""
0.602222412,"""NA"""
0.772161534,"""NA"""
0.210135293,"""NA"""
0.584308366,"""NA"""
0.542075811,"""NA"""
0.092396643,"""NA"""
0.369340825,"""NA"""
0.952429423,"""NA"""
0.949689241,"""NA"""
0.449776822,"""NA"""
0.259818244,"""NA"""
0.01890617,"""NA"""
0.721405048,"""NA"""
0.952809649,"""NA"""
0.440223304,"""NA"""
0.504012379,"""NA"""
0.043556998,"""NA"""
0.922474456,"""NA"""
0.923789556,"""NA"""
0.605647714,"""NA"""
0.004081981,"""NA"""
0.656856437,"""NA"""
0.15092895,"""NA"""
0.199160667,"""NA"""
0.239638329,"""NA"""
0.661573967,"""NA"""
0.241788822,"""NA"""
0.071549739,"""NA"""
0.704671928,"""NA"""
0.31539691,"""NA"""
0.375875195,"""NA"""
0.815097742,"""NA"""
0.200559966,"""NA"""
0.301930187,"""NA"""
0.087720242,"""NA"""
0.183320128,"""NA"""
0.206801875,"""NA"""
0.854959499,"""NA"""
0.262909897,"""NA"""
0.945334274,"""NA"""
0.79273547,"""NA"""
0.831581892,"""NA"""
0.618977225,"""NA"""
0.443733629,"""NA"""
0.964625613,"""NA"""
0.162198704,"""NA"""
0.185653791,"""NA"""
0.61310142,"""NA"""
0.481484478,"""NA"""
0.396137898,"""NA"""
0.318756408,"""NA"""
0.838375009,"""NA"""
0.299203526,"""NA"""
0.616061836,"""NA"""
0.462103836,"""NA"""
0.939205956,"""NA"""
0.006291386,"""NA"""
0.349427485,"""NA"""
0.566271393,"""NA"""
0.528957064,"""NA"""
0.637015399,"""NA"""
0.350795879,"""NA"""
0.924171197,"""NA"""
0.474041223,"""NA"""
0.778134117,"""NA"""
0.798736535,"""NA"""
0.87849991,"""NA"""
0.909843855,"""NA"""
0.445537756,"""NA"""
0.289559328,"""NA"""
0.303310736,"""NA"""
0.919024348,"""NA"""
0.935712395,"""NA"""
0.671648327,"""NA"""
0.371269966,"""NA"""
0.567131436,"""NA"""
0.478598442,"""NA"""
0.567748785,"""NA"""
0.28653884,"""NA"""
0.759599129,"""NA"""
0.228465773,"""NA"""
0.426505393,"""NA"""
0.456584728,"""NA"""
0.709906759,"""NA"""
0.287456979,"""NA"""
0.773060263,"""NA"""
0.574562286,"""NA"""
0.021795763,"""NA"""
0.77302648,"""NA"""
0.059128934,"""NA"""
0.027648301,"""NA"""
0.740846594,"""NA"""
0.593320847,118.7
0.686676719,-185.7
0.735310225,17.81
0.461105207,-117.82
0.661999277,-51.51
9.58E-04,302.96
0.97596553,46.8
0.220163456,52.66
0.306327838,60.06
0.731566637,93.84
0.133506226,-78.31
0.099836061,132.59
0.171385154,56.25
0.61718159,11.3
0.683263308,167.58
0.790574069,-7.6
0.213248126,-17.51
0.792010886,-15.04
0.592634409,-219.8
0.606263602,94.07
0.110768544,120.02
0.195608638,48.68
0.007070776,-11.05
0.940870595,162.83
0.068209351,-95.57
0.13692918,-74.88
0.332817025,-317.18
0.489688292,8.85
0.17295454,64.88
0.064939242,25.86
0.45166699,87.85
0.379402354,-65.98
0.909298368,-36.84
0.029946458,119.85
0.194796364,-39.43
0.679479371,-114.12
0.747466302,-121.33
0.649537714,-23.47
0.077580677,-97.77
0.599653656,-103.15
0.879010812,44.84
0.732037156,52.2
0.080053086,51.24
0.832749812,-29.43
0.864705698,64.44
0.712964972,-32.18
0.757407111,-73.47
0.122433916,84.53
0.193697882,-125.41
0.314178289,71.72
0.137532982,-37.61
0.84780288,40.57
0.485221987,-50.5
0.470242726,44.5
0.791045374,137.96
0.312983273,-12.96
0.308764513,-23.1
0.345155336,-91.97
0.828443315,-81.57
0.273995498,157.43
0.430836086,53.65
0.41689784,48.01
0.134312199,42.41
0.686341399,-80.57
0.172078117,-247.99
0.923493444,152.68
0.613743593,98.47
0.315629447,15.7
0.809733091,-118.89
0.902374101,-63.68
0.125297799,10.01
0.565557193,108.05
0.127641106,-4.64
0.627597616,166.16
0.075323954,-70.85
0.285451324,277.25
0.310602429,-15.58
0.146727562,-63.79
0.799770513,-82.7
0.171996079,66.83
0.785683812,22.58
0.470035764,33.3
0.432957729,-96.22
0.57453286,267.81
0.729969945,229.51
0.894187148,-81.07
0.220306369,51.05
0.291596438,70.04
0.812898749,19.98
0.04360233,1.33
0.505271665,79.1
0.241655882,97.48
0.589142418,-155.19
0.971140569,102.95
0.232721003,108.83
0.867418015,40.61
0.110761743,-37.33
0.80149178,16.94
0.657924454,52.51
0.652054297,-92.31
0.226322645,68.15
0.853979631,28.75
0.43560704,-53.71
0.289281737,100.51
0.63758467,85.39
0.264539459,49.56
0.386268378,278.22
0.61919397,34.46
0.541678083,-71.59
0.484831,-55.96
0.764294919,-21.05
0.961026937,11.08
0.270584533,33.76
0.730600221,67.64
0.134165546,-21.11
0.048398228,148.67
0.70360707,14.13
0.147213794,-35.42
0.769155333,-140.66
0.17635011,-21
0.110758999,-231.88
0.938342408,66.55
0.84647114,66.23
0.571143582,146.83
0.679093406,-211.87
0.089322244,-73.78
0.785374125,99.31
0.226957448,-10.92
0.448178465,16.66
0.161227637,-127.61
0.17611169,-74.05
0.198228124,-8.05
0.357611314,-9.69
0.181333204,-35.49
0.56114486,-139.79
0.65908301,54.39
0.660253409,38.68
0.002400788,76.1
0.993446034,-58.85
0.627489231,71.92
0.014630336,-116.6
0.205178217,-140.66
0.663076664,138.62
0.46374403,-14.85
0.360348158,-26.33
0.689366391,114.07
0.258860788,-60.63
0.851205032,-11.44
0.480004691,-28.79
0.53726639,-5.68
0.661639897,208.55
0.30085451,12.12
0.263501516,-19.38
0.30504613,38.32
0.874958266,152.85
0.718437217,54.29
0.406919694,65.51
0.019359473,26.82
0.050180359,-163.62
0.702251032,29.64
0.06637027,-40.2
0.036132368,107.56
0.020153696,21.5
0.372781097,154.25
0.225665404,192.91
0.4919181,-52.37
0.446645157,22.71
0.690204899,69.59
0.84273998,42.12
0.375833667,211.52
0.984889688,132.41
0.95242633,4.88
0.989898509,-178.94
0.443128354,-119.28
0.153763852,106.37
0.944727323,-80.39
0.519466414,237.73
0.455634604,76.66
0.2200902,39.75
0.139182384,49.47
0.216157881,-71.57
0.405678673,-8.47
0.233734591,-151.69
0.02506636,-64.89
0.752341959,-228.06
0.732072543,90.02
0.409106775,-71.16
0.630857805,23.93
0.065444983,23.65
0.148692152,-69.63
0.279701765,-120.74
0.850656809,-22.66
0.02154078,-235.07
0.25282988,78.72
0.656711501,-98.17
0.78914941,75.77
0.708845648,59.47
0.064592992,20.91
0.511311344,54.57
0.20092835,-48
0.814115593,-202.38
0.653780076,-62
0.353251982,-36.52
0.596594896,86.64
0.727704373,5.99
0.995568539,57.25
0.498055272,-51.01
0.230294769,-73.71
0.301254313,26.61
0.720466677,-15.81
0.261405418,95.34
0.107696348,-98.87
0.262422712,-65.2
0.186706183,-41.06
0.54244168,52.7
0.065518474,-59.77
0.880385137,-42.77
0.279212537,37.96
0.672703672,178.64
0.060130874,-138.21
0.98848555,264.09
0.282275431,-27.75
0.554112367,-7.95
0.890084004,20.39
0.022802055,-68.58
0.677688454,-53.61
0.337059797,-136.72
0.141196095,11.37
0.352563988,-120.31
0.401444857,-16.17
0.888914352,-31.12
0.312614188,3.34
0.061654708,32.55
0.679486264,37.57
0.378162569,37.27
0.588370348,-79.73
0.491978535,-20.43
0.285776944,-24.3
0.008419595,20.71
0.550774297,35.98
0.813230908,83.7
0.643574585,-40.64
0.069062003,46.45
0.728716272,-138.29
0.672111199,91.65
0.819800991,-131
0.914621558,276.85
0.689970681,34.71
0.491977803,-36.92
0.646928651,-49.34
0.456514957,32.21
0.125446622,31.44
0.604364974,-7.06
0.826826736,232.83
0.619378251,-7.14
0.841053711,14.58
0.427246608,77.66
0.769286704,131.88
0.712140791,-55.86
0.063367208,-111.85
0.426005236,-18.74
0.088277643,-9.09
0.208316819,78.24
0.228260873,56.82
0.050442144,11.44
0.561821252,-27.82
0.694246144,-140.46
0.227942654,-230.01
0.960313605,-140.78
0.492837191,7.48
0.723208685,155.35
0.491363083,-10.87
0.845355081,105.33
0.025109664,-31.25
0.548400243,-64.24
0.955454817,-49.78
0.140501867,114.56
0.710273625,6.49
0.126401889,-24.99
0.835656278,-62.21
0.298179504,-196.36
0.38132875,26.1
0.247849336,-14.77
0.344981649,-48.04
0.419783426,-117.4
0.659109987,-112.31
0.953957049,211.31
0.469893654,-41.97
0.150621092,82.18
0.902522846,-34.9
0.438025703,17.98
0.806755584,66.27
0.481495468,41.5
0.258038213,-24.35
0.170135811,73.1
0.160610691,70.07
0.66139041,27.86
0.46855212,-159.6
0.545392841,45.42
0.725098253,33.69
0.52548254,-57.71
0.618936445,-169.84
0.178960911,57.74
0.76772123,7.98
0.816294967,-204.37
0.19458238,-54.26
0.212514095,53.77
0.248830119,-118.74
0.748003803,-17.68
0.407243761,67.18
0.561673808,-68.7
0.75050975,-72.15
0.551197767,110.13
0.473349581,-22.52
0.062629869,-54.25
0.093946047,-20.35
0.580182619,41.37
0.385675872,-2.83
0.2365209,-11.94
0.519537633,11.14
0.641209929,-59.64
0.82990024,80.55
0.91909415,115.55
0.929400152,-66.39
0.645313745,75.23
0.783117612,-92.97
0.058715961,53.04
0.358361521,-118.49
0.479386042,42.76
0.723091766,35.12
0.696402699,66.13
0.870710555,-97.33
0.708805856,38.91
0.354805469,37.17
0.807252718,-24.42
0.352788866,-149.49
0.753126086,67.77
0.908151083,36.81
0.43538521,131.27
0.220247139,-44.93
0.037182207,209.6
0.698054075,-90.29
0.149834014,-92.68
0.542437613,-151.3
0.796772363,52.68
0.719624669,60.07
0.728189657,70.11
0.047816161,128.44
0.451375714,45.56
0.794269958,-72.33
0.824622325,-206.13
0.209051563,-37.88
0.168206533,65.2
0.980274224,24.47
0.60067001,-41.15
0.1516763,-146.95
0.292738679,1.33
0.448060623,10.8
0.823907825,-30.56
0.96940433,2.86
0.295409164,-29.71
0.232689742,31.68
0.325481038,37.74
0.100372119,-68.23
0.330225361,-53.35
0.192598702,-115.43
0.268873636,157.7
0.883529343,76.62
0.670623162,17.43
0.074321067,18.53
0.685309204,-121.45
0.600815591,29.78
0.706140475,-25.36
0.468166012,-24.51
0.010987934,36.19
0.783295694,20.97
0.621853299,86.32
0.866058739,49.31
0.919852337,45.27
0.325398925,-12.01
0.915762066,54.91
0.080544908,-58.46
0.855517681,-52.09
0.305028979,-65.17
0.736363041,-100.07
0.940962569,-88.11
0.861023237,-222.12
0.364170123,32.9
0.912523483,29.82
0.752922204,-9.97
0.641482409,-48.17
0.795450331,-82.88
0.984971726,-37.1
0.622369238,-64.64
0.555326487,108.92
0.961066502,-166.75
0.915639717,-83.66
0.603275601,-95.39
0.311554107,-35.6
0.555152124,61.09
0.937597744,60.19
0.365037152,27.31
0.338632298,0.27
0.769683562,-76
0.301342302,55.23
0.629640955,-137.7
0.802499725,42.78
0.542235564,-175.95
0.630997568,-8.52
0.18978887,63.54
0.20345269,-126.32
0.928351259,44.21
0.413443455,-23.6
0.130969885,61.24
0.061163004,-46.38
0.886073873,-141.41
0.592208506,-75.61
0.722412185,114.23
0.512392999,187.47
0.296068653,89.59
0.639778068,-0.33
0.882543428,-120.29
0.94615073,64.91
0.709416676,11.86
0.923620576,57.03
0.016221592,130.84
0.171478289,3.57
0.213989764,-32.81
0.845115189,253.53
0.243321712,-72.2
0.515050354,-25.3
0.86318749,7.44
0.040558676,-69.5
0.460028225,129.25
0.166004848,-57.78
0.91538434,61.21
0.409423823,-154.18
0.640532179,-16.72
0.164818412,166.38
0.180980146,-214.84
0.996452713,78.35
0.645110941,47.95
0.918098417,74.73
0.795065445,10.65
0.913097085,28.28
0.390559583,125.73
0.357400493,4.73
0.614361629,-35.19
0.192440746,-125.56
0.071838497,-38.4
0.306232937,14.01
0.174576345,76.64
0.887761124,-9.24
0.497848225,51.55
0.693908092,84
0.874216027,-64.17
0.018086774,-23.01
0.381987055,172.31
0.513593025,121.66
0.047222659,-123.08
0.80309511,-110.59
0.634086934,-16.3
0.771328214,72.46
0.501763743,-44.16
0.711288763,13.75
0.091898385,76.87
0.105908774,-14.98
0.224913882,124.3
0.417663553,-154.28
0.344013068,-47.35
0.664205957,111.11
0.443363671,96.81
0.306183562,-76.53
0.269346007,-11.4
0.270426595,62.06
0.097689653,47.16
0.992059951,-15.98
0.104526539,-27.63
0.434488461,12.09
0.684687571,-90.64
0.329821523,-55.8
0.399542691,-42.4
0.699156542,297.58
0.242523109,85.54
0.027535082,-100.32
0.070090022,-164.81
0.023703277,61.39
0.206601104,-63.32
0.698886321,47.36
0.981383563,-22.96
0.78165158,-15.86
0.605474572,67.66
0.20836171,-138.11
0.763678494,53.81
0.818785997,-51.48
0.76111231,5.86
0.828627121,-48.78
0.00850929,69.08
0.088821236,-81.97
0.919880125,-142.21
0.638396451,-15.56
0.416985754,130.28
0.702035525,-70.54
0.161026125,69.79
0.377909835,127.18
0.975116817,32.32
0.403555179,82.6
0.723759298,185.68
0.38518988,-58.86
0.389088451,83.16
0.129641767,104.67
0.284750702,-78.43
0.130743893,-94.74
0.474048972,-97.79
0.98000919,21.68
0.168340435,-66.15
0.181538267,31.07
0.87893905,58.22
0.676659968,88.88
0.507443613,-8.53
0.481408659,59.9
0.968319921,-148.09
0.247950108,96.18
0.132814612,121.38
0.068266148,-151.96
0.400223756,31.64
0.347339602,-57.98
0.081346372,66.22
0.040086601,47.28
0.267908266,-5.09
0.48457769,-66.92
0.60384572,-133.7
0.212681021,-32.15
0.080157224,-153.93
0.179854281,85.32
0.794959623,44.64
0.529203355,-47.27
0.46612433,-91.78
0.892173726,10.43
0.74195387,8.22
0.763735821,-115.94
0.844099783,143.17
0.70521749,116.53
0.948442219,-214.84
0.144291781,-26.2
0.803803313,2.82
0.294344136,46.27
0.381373399,-89.96
0.237241281,-71.04
0.346142147,-148
0.429000226,98.53
0.599860263,81.58
0.565516313,-80.42
0.466192371,163.42
0.233487973,-70.86
0.740812617,115.24
0.295344749,126.43
0.082373262,-130.26
0.274364788,-36.6
0.931059905,-29.33
0.881414562,-171.77
0.474230822,73.27
0.575037013,-99.36
0.210332623,85.6
0.59829993,-49.14
0.026502171,-29.51
0.852367961,-123.34
0.533807345,62.9
0.098646741,-78.43
0.697378716,131.53
0.646212738,-37.78
0.921282575,-39.24
0.288791593,140.84
0.654367825,289.13
0.618836569,-138.97
0.644347592,50.1
0.587946771,117.46
0.959003366,-75.18
0.167982874,-11.67
0.247764968,-57.39
0.520748552,118.92
0.132965817,213.07
0.815950621,169.02
0.307842808,-45.85
0.346458022,-186.62
0.324390537,-294.24
0.829995133,72.75
0.169780115,55.06
0.278194218,93.94
0.363976992,-3.87
0.069893523,108.57
0.58909747,17.45
0.084136266,62.39
0.275881451,-111.35
0.089204103,28.89
0.913931028,-118.32
0.230671266,-105.81
0.959610002,-41.99
0.31913768,-104.63
0.430796519,252.36
0.91630044,48.55
0.842165262,1.19
0.953033957,67.05
0.313625352,37.93
0.880383613,141.77
0.299484786,51.83
0.440816927,83.3
0.445704119,74.77
0.429430848,31.96
0.86142839,-27.05
0.789047852,-25.2
0.366230414,15.08
0.33877988,-25.12
0.961956204,-127.4
0.887337486,-6.58
0.431841212,114.06
0.892578871,-73.62
0.190824923,-78.31
0.753541243,106.71
0.186718851,16.8
0.489310157,-267.3
0.13230641,151.08
0.621560014,14.23
0.344160986,87.99
0.598653865,36.76
0.594820848,58.23
0.08747629,-56.23
0.744905782,-4.05
0.725540162,17.87
0.802798884,30.64
0.503449929,-148.14
0.26467122,79.34
0.536141113,84.45
0.213437743,9.27
0.255572001,30.79
0.343209523,67.99
0.314980313,13.77
0.903441055,63.91
0.507083995,106.46
0.886809211,115.71
0.195022498,83.12
0.988919247,-221.5
0.912721336,-24.43
0.759085751,103.8
0.887828624,21.31
0.272966411,-105
0.927014772,-9.01
0.847612602,73.29
0.465768193,52.29
0.694069604,-151.89
0.268429825,24.82
0.190492964,124.64
0.413613175,19.8
0.238204383,62.4
0.092418988,-146.98
0.272612119,-212.33
0.009083197,61.28
0.629982847,54.35
0.079274339,-85.81
0.350416659,-261.88
0.600405616,-76.42
0.969036905,-0.71
0.616335429,-130.6
0.522410703,86.01
0.52264368,-93.14
0.008762787,116.28
0.45911845,26.29
0.476186146,-161
0.974526327,-74.05
0.664171553,-77.7
0.810181665,-74.09
0.921875645,95.02
0.095671422,48.56
0.935363497,38.35
0.535993177,24.34
0.829615443,-47.81
0.816566649,-3.26
0.305433611,-10.27
0.708641828,-60.05
0.175792434,221.78
0.192194149,-86.41
0.185651512,-7.24
0.484359622,69.98
0.758644737,-169
0.302071579,28.96
0.38378979,93.99
0.180923946,38.73
0.637251174,-26.5
0.55974141,3.12
0.850027529,157.29
0.670160155,190.11
0.611801088,59.78
0.906546104,-172.46
0.312059969,-67.08
0.597376054,-178.84
0.697989871,-101.29
0.826859285,-77.44
0.967138148,60.76
0.366118504,76.97
0.845270959,-50.39
0.391217653,57.83
0.695127359,-27.49
0.649383582,91.34
0.023566173,-30.94
0.926038958,142.59
0.98505108,73.01
0.958532115,-45.81
0.266328697,99.97
0.675959378,-22
0.826376454,-5.9
0.760373181,-139.16
0.334622151,82.27
0.980481144,-100.86
0.947368345,-8.31
0.509538037,-61.97
0.386735718,-105.52
0.597139324,138.29
0.135701027,163
0.607211727,-117.43
0.619044421,-7.36
0.160486943,-37.09
0.227414861,29.37
0.488999386,-47.61
0.266255928,128.59
0.986886881,-120.37
0.659027476,-20.49
0.56178796,-58.94
0.603972103,6.5
0.192391755,-13.72
0.371669552,107.71
0.12009952,-94.22
0.395709261,-102.57
0.039231263,-81.05
0.629407344,75.26
0.523269695,-29.04
0.393105398,0.45
0.8778933,74.07
0.288249924,68.81
0.632178188,127.97
0.313025129,22.25
0.145822742,15.25
0.820500966,235.92
0.745619803,20.64
0.677873467,-114.98
0.205137718,-72.46
0.991973088,19.09
0.668956528,-53.2
0.753881896,37.85
0.645198054,18.46
0.105166161,-118.91
0.049804813,48.04
0.550795055,36.74
0.027205368,84.69
0.187258066,-128.43
0.648336424,-30.59
0.824718985,-56.92
0.915543557,110.29
0.82555699,-31.54
0.795555044,6.25
0.688114725,-35.58
0.338662927,162.06
0.468302907,101.81
0.836986916,169.32
0.770487756,-56.18
0.595679932,14.05
0.596528244,8.3
0.174141001,-115.53
0.475667624,44.77
0.933948251,34.02
0.05953748,-66.06
0.143245462,-108.74
0.426780323,-59.11
0.56445359,-133.68
0.187299422,-141.52
0.602749523,60.58
0.734878293,119.38
0.068348813,18.79
0.782917964,-71.72
0.921492709,-27.34
0.044282167,-87.31
0.713114855,15.1
0.90388602,-16.84
0.739581504,-119.83
0.17217563,-121.17
0.186589977,107.11
0.382488365,127.25
0.453613275,-10.91
0.455131477,36.51
0.173102782,2.87
0.305417257,-168.9
0.867752101,62.87
0.26023225,54.53
0.68087076,77.64
0.853576556,-166.94
0.805274312,-131.03
0.163516341,-203.96
0.471938976,-40.62
0.718318647,-74.3
0.269878589,-96.31
0.608237189,-71.19
